<?xml version="1.0" encoding="UTF-8" standalone="yes"?>
<GetClientRiskMetricsRs>
    <RqUID>369cce6fc358445abacb6950968a3f2e</RqUID>
    <RqTm>2018-01-21T15:35:13.534+03:00</RqTm>
    <SPName>urn:sbrfsystems:99-pprb</SPName>
    <SystemId>urn:sbrfsystems:99-ufs</SystemId>
    <Status>
        <StatusCode>0</StatusCode>
        <StatusDesc>OK</StatusDesc>
    </Status>
    <GroupId>D132895</GroupId>
    <ScoringType>4</ScoringType>
    <ParticipantResults>
        <ParticipantResult>
            <ParticipantIndex>1</ParticipantIndex>
            <Status>OK</Status>
            <DateOfCalc>2018-01-11T13:20:54Z</DateOfCalc>
            <EpkId>1088151342031234564</EpkId>
            <CreditPotentialData>
                <GenericClientCategory>B</GenericClientCategory>
                <ObjectiveID>1</ObjectiveID>
                <TotalDecision>Accept</TotalDecision>
                <TotalReasonCodeTable>P001,B009</TotalReasonCodeTable>
                <AvailablePart>
                    <AvailableTotalSum>49312.94</AvailableTotalSum>
                    <ProductList>
                        <ProductType>1</ProductType>
                        <SubProductList>
                            <ProductInfo>
                                <ProductType>1</ProductType>
                                <ProductCode>5</ProductCode>
                                <SubproductCode>1443</SubproductCode>
                            </ProductInfo>
                            <Decision>Accept</Decision>
                            <ReasonCodeTable>P001</ReasonCodeTable>
                            <WhiteFlag>0</WhiteFlag>
                            <RangeList>
                                <RangeCode>3000000</RangeCode>
                                <RangeName>NO_ACTION_3.000.000</RangeName>
                                <TermList>
                                    <LoanSum>49087.38</LoanSum>
                                    <LoanTerm>3</LoanTerm>
                                    <LoanRate>22.1</LoanRate>
                                    <LoanLimit>142000</LoanLimit>
                                </TermList>
                                <TermList>
                                    <LoanSum>49183.7</LoanSum>
                                    <LoanTerm>4</LoanTerm>
                                    <LoanRate>22.1</LoanRate>
                                    <LoanLimit>188000</LoanLimit>
                                </TermList>
                                <TermList>
                                    <LoanSum>49205.97</LoanSum>
                                    <LoanTerm>5</LoanTerm>
                                    <LoanRate>22.1</LoanRate>
                                    <LoanLimit>233000</LoanLimit>
                                </TermList>
                                <TermList>
                                    <LoanSum>49187.74</LoanSum>
                                    <LoanTerm>6</LoanTerm>
                                    <LoanRate>22.1</LoanRate>
                                    <LoanLimit>277000</LoanLimit>
                                </TermList>
                                <TermList>
                                    <LoanSum>49296.92</LoanSum>
                                    <LoanTerm>7</LoanTerm>
                                    <LoanRate>22.1</LoanRate>
                                    <LoanLimit>321000</LoanLimit>
                                </TermList>
                                <TermList>
                                    <LoanSum>49215.49</LoanSum>
                                    <LoanTerm>8</LoanTerm>
                                    <LoanRate>22.1</LoanRate>
                                    <LoanLimit>363000</LoanLimit>
                                </TermList>
                                <TermList>
                                    <LoanSum>49244.53</LoanSum>
                                    <LoanTerm>9</LoanTerm>
                                    <LoanRate>22.1</LoanRate>
                                    <LoanLimit>405000</LoanLimit>
                                </TermList>
                                <TermList>
                                    <LoanSum>49273.54</LoanSum>
                                    <LoanTerm>10</LoanTerm>
                                    <LoanRate>22.25</LoanRate>
                                    <LoanLimit>446000</LoanLimit>
                                </TermList>
                                <TermList>
                                    <LoanSum>49247.45</LoanSum>
                                    <LoanTerm>11</LoanTerm>
                                    <LoanRate>22.25</LoanRate>
                                    <LoanLimit>486000</LoanLimit>
                                </TermList>
                                <TermList>
                                    <LoanSum>49293.95</LoanSum>
                                    <LoanTerm>12</LoanTerm>
                                    <LoanRate>22.25</LoanRate>
                                    <LoanLimit>526000</LoanLimit>
                                </TermList>
                                <TermList>
                                    <LoanSum>49309.56</LoanSum>
                                    <LoanTerm>13</LoanTerm>
                                    <LoanRate>22.25</LoanRate>
                                    <LoanLimit>565000</LoanLimit>
                                </TermList>
                                <TermList>
                                    <LoanSum>49299.21</LoanSum>
                                    <LoanTerm>14</LoanTerm>
                                    <LoanRate>22.25</LoanRate>
                                    <LoanLimit>603000</LoanLimit>
                                </TermList>
                                <TermList>
                                    <LoanSum>49266.52</LoanSum>
                                    <LoanTerm>15</LoanTerm>
                                    <LoanRate>22.25</LoanRate>
                                    <LoanLimit>640000</LoanLimit>
                                </TermList>
                                <TermList>
                                    <LoanSum>49286.97</LoanSum>
                                    <LoanTerm>16</LoanTerm>
                                    <LoanRate>22.25</LoanRate>
                                    <LoanLimit>677000</LoanLimit>
                                </TermList>
                                <TermList>
                                    <LoanSum>49282.44</LoanSum>
                                    <LoanTerm>17</LoanTerm>
                                    <LoanRate>22.25</LoanRate>
                                    <LoanLimit>713000</LoanLimit>
                                </TermList>
                                <TermList>
                                    <LoanSum>49255.72</LoanSum>
                                    <LoanTerm>18</LoanTerm>
                                    <LoanRate>22.25</LoanRate>
                                    <LoanLimit>748000</LoanLimit>
                                </TermList>
                                <TermList>
                                    <LoanSum>49271.93</LoanSum>
                                    <LoanTerm>19</LoanTerm>
                                    <LoanRate>22.25</LoanRate>
                                    <LoanLimit>783000</LoanLimit>
                                </TermList>
                                <TermList>
                                    <LoanSum>49264.63</LoanSum>
                                    <LoanTerm>20</LoanTerm>
                                    <LoanRate>22.25</LoanRate>
                                    <LoanLimit>817000</LoanLimit>
                                </TermList>
                                <TermList>
                                    <LoanSum>49293.88</LoanSum>
                                    <LoanTerm>21</LoanTerm>
                                    <LoanRate>22.25</LoanRate>
                                    <LoanLimit>851000</LoanLimit>
                                </TermList>
                                <TermList>
                                    <LoanSum>49299.19</LoanSum>
                                    <LoanTerm>22</LoanTerm>
                                    <LoanRate>22.25</LoanRate>
                                    <LoanLimit>884000</LoanLimit>
                                </TermList>
                                <TermList>
                                    <LoanSum>49282.55</LoanSum>
                                    <LoanTerm>23</LoanTerm>
                                    <LoanRate>22.25</LoanRate>
                                    <LoanLimit>916000</LoanLimit>
                                </TermList>
                                <TermList>
                                    <LoanSum>49297.61</LoanSum>
                                    <LoanTerm>24</LoanTerm>
                                    <LoanRate>22.25</LoanRate>
                                    <LoanLimit>948000</LoanLimit>
                                </TermList>
                                <TermList>
                                    <LoanSum>49311.03</LoanSum>
                                    <LoanTerm>25</LoanTerm>
                                    <LoanRate>22.5</LoanRate>
                                    <LoanLimit>977000</LoanLimit>
                                </TermList>
                                <TermList>
                                    <LoanSum>49290.38</LoanSum>
                                    <LoanTerm>26</LoanTerm>
                                    <LoanRate>22.5</LoanRate>
                                    <LoanLimit>1007000</LoanLimit>
                                </TermList>
                                <TermList>
                                    <LoanSum>49297.54</LoanSum>
                                    <LoanTerm>27</LoanTerm>
                                    <LoanRate>22.5</LoanRate>
                                    <LoanLimit>1037000</LoanLimit>
                                </TermList>
                                <TermList>
                                    <LoanSum>49283.47</LoanSum>
                                    <LoanTerm>28</LoanTerm>
                                    <LoanRate>22.5</LoanRate>
                                    <LoanLimit>1066000</LoanLimit>
                                </TermList>
                                <TermList>
                                    <LoanSum>49294.42</LoanSum>
                                    <LoanTerm>29</LoanTerm>
                                    <LoanRate>22.5</LoanRate>
                                    <LoanLimit>1095000</LoanLimit>
                                </TermList>
                                <TermList>
                                    <LoanSum>49284.16</LoanSum>
                                    <LoanTerm>30</LoanTerm>
                                    <LoanRate>22.5</LoanRate>
                                    <LoanLimit>1123000</LoanLimit>
                                </TermList>
                                <TermList>
                                    <LoanSum>49296.65</LoanSum>
                                    <LoanTerm>31</LoanTerm>
                                    <LoanRate>22.5</LoanRate>
                                    <LoanLimit>1151000</LoanLimit>
                                </TermList>
                                <TermList>
                                    <LoanSum>49288.06</LoanSum>
                                    <LoanTerm>32</LoanTerm>
                                    <LoanRate>22.5</LoanRate>
                                    <LoanLimit>1178000</LoanLimit>
                                </TermList>
                                <TermList>
                                    <LoanSum>49300.33</LoanSum>
                                    <LoanTerm>33</LoanTerm>
                                    <LoanRate>22.5</LoanRate>
                                    <LoanLimit>1205000</LoanLimit>
                                </TermList>
                                <TermList>
                                    <LoanSum>49291.72</LoanSum>
                                    <LoanTerm>34</LoanTerm>
                                    <LoanRate>22.5</LoanRate>
                                    <LoanLimit>1231000</LoanLimit>
                                </TermList>
                                <TermList>
                                    <LoanSum>49302.39</LoanSum>
                                    <LoanTerm>35</LoanTerm>
                                    <LoanRate>22.5</LoanRate>
                                    <LoanLimit>1257000</LoanLimit>
                                </TermList>
                                <TermList>
                                    <LoanSum>49292.39</LoanSum>
                                    <LoanTerm>36</LoanTerm>
                                    <LoanRate>22.5</LoanRate>
                                    <LoanLimit>1282000</LoanLimit>
                                </TermList>
                                <TermList>
                                    <LoanSum>49299.87</LoanSum>
                                    <LoanTerm>37</LoanTerm>
                                    <LoanRate>23</LoanRate>
                                    <LoanLimit>1298000</LoanLimit>
                                </TermList>
                                <TermList>
                                    <LoanSum>49301.28</LoanSum>
                                    <LoanTerm>38</LoanTerm>
                                    <LoanRate>23</LoanRate>
                                    <LoanLimit>1322000</LoanLimit>
                                </TermList>
                                <TermList>
                                    <LoanSum>49282.5</LoanSum>
                                    <LoanTerm>39</LoanTerm>
                                    <LoanRate>23</LoanRate>
                                    <LoanLimit>1345000</LoanLimit>
                                </TermList>
                                <TermList>
                                    <LoanSum>49280.3</LoanSum>
                                    <LoanTerm>40</LoanTerm>
                                    <LoanRate>23</LoanRate>
                                    <LoanLimit>1368000</LoanLimit>
                                </TermList>
                                <TermList>
                                    <LoanSum>49293.53</LoanSum>
                                    <LoanTerm>41</LoanTerm>
                                    <LoanRate>23</LoanRate>
                                    <LoanLimit>1391000</LoanLimit>
                                </TermList>
                                <TermList>
                                    <LoanSum>49286.3</LoanSum>
                                    <LoanTerm>42</LoanTerm>
                                    <LoanRate>23</LoanRate>
                                    <LoanLimit>1413000</LoanLimit>
                                </TermList>
                                <TermList>
                                    <LoanSum>49293.65</LoanSum>
                                    <LoanTerm>43</LoanTerm>
                                    <LoanRate>23</LoanRate>
                                    <LoanLimit>1435000</LoanLimit>
                                </TermList>
                                <TermList>
                                    <LoanSum>49280.8</LoanSum>
                                    <LoanTerm>44</LoanTerm>
                                    <LoanRate>23</LoanRate>
                                    <LoanLimit>1456000</LoanLimit>
                                </TermList>
                                <TermList>
                                    <LoanSum>49281.72</LoanSum>
                                    <LoanTerm>45</LoanTerm>
                                    <LoanRate>23</LoanRate>
                                    <LoanLimit>1477000</LoanLimit>
                                </TermList>
                                <TermList>
                                    <LoanSum>49295.61</LoanSum>
                                    <LoanTerm>46</LoanTerm>
                                    <LoanRate>23</LoanRate>
                                    <LoanLimit>1498000</LoanLimit>
                                </TermList>
                                <TermList>
                                    <LoanSum>48704.76</LoanSum>
                                    <LoanTerm>47</LoanTerm>
                                    <LoanRate>23</LoanRate>
                                    <LoanLimit>1500000</LoanLimit>
                                </TermList>
                                <TermList>
                                    <LoanSum>48077.21</LoanSum>
                                    <LoanTerm>48</LoanTerm>
                                    <LoanRate>23</LoanRate>
                                    <LoanLimit>1500000</LoanLimit>
                                </TermList>
                                <TermList>
                                    <LoanSum>47476.98</LoanSum>
                                    <LoanTerm>49</LoanTerm>
                                    <LoanRate>23</LoanRate>
                                    <LoanLimit>1500000</LoanLimit>
                                </TermList>
                                <TermList>
                                    <LoanSum>46902.43</LoanSum>
                                    <LoanTerm>50</LoanTerm>
                                    <LoanRate>23</LoanRate>
                                    <LoanLimit>1500000</LoanLimit>
                                </TermList>
                                <TermList>
                                    <LoanSum>46352.05</LoanSum>
                                    <LoanTerm>51</LoanTerm>
                                    <LoanRate>23</LoanRate>
                                    <LoanLimit>1500000</LoanLimit>
                                </TermList>
                                <TermList>
                                    <LoanSum>45824.42</LoanSum>
                                    <LoanTerm>52</LoanTerm>
                                    <LoanRate>23</LoanRate>
                                    <LoanLimit>1500000</LoanLimit>
                                </TermList>
                                <TermList>
                                    <LoanSum>45318.27</LoanSum>
                                    <LoanTerm>53</LoanTerm>
                                    <LoanRate>23</LoanRate>
                                    <LoanLimit>1500000</LoanLimit>
                                </TermList>
                                <TermList>
                                    <LoanSum>44832.38</LoanSum>
                                    <LoanTerm>54</LoanTerm>
                                    <LoanRate>23</LoanRate>
                                    <LoanLimit>1500000</LoanLimit>
                                </TermList>
                                <TermList>
                                    <LoanSum>44365.66</LoanSum>
                                    <LoanTerm>55</LoanTerm>
                                    <LoanRate>23</LoanRate>
                                    <LoanLimit>1500000</LoanLimit>
                                </TermList>
                                <TermList>
                                    <LoanSum>43917.06</LoanSum>
                                    <LoanTerm>56</LoanTerm>
                                    <LoanRate>23</LoanRate>
                                    <LoanLimit>1500000</LoanLimit>
                                </TermList>
                                <TermList>
                                    <LoanSum>43485.63</LoanSum>
                                    <LoanTerm>57</LoanTerm>
                                    <LoanRate>23</LoanRate>
                                    <LoanLimit>1500000</LoanLimit>
                                </TermList>
                                <TermList>
                                    <LoanSum>43070.48</LoanSum>
                                    <LoanTerm>58</LoanTerm>
                                    <LoanRate>23</LoanRate>
                                    <LoanLimit>1500000</LoanLimit>
                                </TermList>
                                <TermList>
                                    <LoanSum>42670.76</LoanSum>
                                    <LoanTerm>59</LoanTerm>
                                    <LoanRate>23</LoanRate>
                                    <LoanLimit>1500000</LoanLimit>
                                </TermList>
                                <TermList>
                                    <LoanSum>42285.71</LoanSum>
                                    <LoanTerm>60</LoanTerm>
                                    <LoanRate>23</LoanRate>
                                    <LoanLimit>1500000</LoanLimit>
                                </TermList>
                            </RangeList>
                        </SubProductList>
                        <SubProductList>
                            <ProductInfo>
                                <ProductType>1</ProductType>
                                <ProductCode>10</ProductCode>
                                <SubproductCode>1471</SubproductCode>
                            </ProductInfo>
                            <Decision>Accept</Decision>
                            <ReasonCodeTable></ReasonCodeTable>
                            <WhiteFlag>0</WhiteFlag>
                            <RangeList>
                                <RangeCode>3000000</RangeCode>
                                <RangeName>NO_ACTION_3.000.000</RangeName>
                                <TermList>
                                    <LoanSum>49140.45</LoanSum>
                                    <LoanTerm>3</LoanTerm>
                                    <LoanRate>14.2</LoanRate>
                                    <LoanLimit>144000</LoanLimit>
                                </TermList>
                                <TermList>
                                    <LoanSum>49170.91</LoanSum>
                                    <LoanTerm>4</LoanTerm>
                                    <LoanRate>14.2</LoanRate>
                                    <LoanLimit>191000</LoanLimit>
                                </TermList>
                                <TermList>
                                    <LoanSum>49303.05</LoanSum>
                                    <LoanTerm>5</LoanTerm>
                                    <LoanRate>14.2</LoanRate>
                                    <LoanLimit>238000</LoanLimit>
                                </TermList>
                                <TermList>
                                    <LoanSum>49312.94</LoanSum>
                                    <LoanTerm>6</LoanTerm>
                                    <LoanRate>14.2</LoanRate>
                                    <LoanLimit>284000</LoanLimit>
                                </TermList>
                                <TermList>
                                    <LoanSum>49250.83</LoanSum>
                                    <LoanTerm>7</LoanTerm>
                                    <LoanRate>14.2</LoanRate>
                                    <LoanLimit>329000</LoanLimit>
                                </TermList>
                                <TermList>
                                    <LoanSum>49273.6</LoanSum>
                                    <LoanTerm>8</LoanTerm>
                                    <LoanRate>14.2</LoanRate>
                                    <LoanLimit>374000</LoanLimit>
                                </TermList>
                                <TermList>
                                    <LoanSum>49295.39</LoanSum>
                                    <LoanTerm>9</LoanTerm>
                                    <LoanRate>14.5</LoanRate>
                                    <LoanLimit>418000</LoanLimit>
                                </TermList>
                                <TermList>
                                    <LoanSum>49295.55</LoanSum>
                                    <LoanTerm>10</LoanTerm>
                                    <LoanRate>14.85</LoanRate>
                                    <LoanLimit>461000</LoanLimit>
                                </TermList>
                                <TermList>
                                    <LoanSum>49263.52</LoanSum>
                                    <LoanTerm>11</LoanTerm>
                                    <LoanRate>15.15</LoanRate>
                                    <LoanLimit>503000</LoanLimit>
                                </TermList>
                                <TermList>
                                    <LoanSum>49293.71</LoanSum>
                                    <LoanTerm>12</LoanTerm>
                                    <LoanRate>15.4</LoanRate>
                                    <LoanLimit>545000</LoanLimit>
                                </TermList>
                                <TermList>
                                    <LoanSum>49271.01</LoanSum>
                                    <LoanTerm>13</LoanTerm>
                                    <LoanRate>15.55</LoanRate>
                                    <LoanLimit>586000</LoanLimit>
                                </TermList>
                                <TermList>
                                    <LoanSum>49240.13</LoanSum>
                                    <LoanTerm>14</LoanTerm>
                                    <LoanRate>15.75</LoanRate>
                                    <LoanLimit>626000</LoanLimit>
                                </TermList>
                                <TermList>
                                    <LoanSum>49309.08</LoanSum>
                                    <LoanTerm>15</LoanTerm>
                                    <LoanRate>15.85</LoanRate>
                                    <LoanLimit>667000</LoanLimit>
                                </TermList>
                                <TermList>
                                    <LoanSum>49291.3</LoanSum>
                                    <LoanTerm>16</LoanTerm>
                                    <LoanRate>16</LoanRate>
                                    <LoanLimit>706000</LoanLimit>
                                </TermList>
                                <TermList>
                                    <LoanSum>49303.13</LoanSum>
                                    <LoanTerm>17</LoanTerm>
                                    <LoanRate>16.1</LoanRate>
                                    <LoanLimit>745000</LoanLimit>
                                </TermList>
                                <TermList>
                                    <LoanSum>49272.11</LoanSum>
                                    <LoanTerm>18</LoanTerm>
                                    <LoanRate>16.15</LoanRate>
                                    <LoanLimit>783000</LoanLimit>
                                </TermList>
                                <TermList>
                                    <LoanSum>49297.81</LoanSum>
                                    <LoanTerm>19</LoanTerm>
                                    <LoanRate>16.25</LoanRate>
                                    <LoanLimit>821000</LoanLimit>
                                </TermList>
                                <TermList>
                                    <LoanSum>49279.71</LoanSum>
                                    <LoanTerm>20</LoanTerm>
                                    <LoanRate>16.3</LoanRate>
                                    <LoanLimit>858000</LoanLimit>
                                </TermList>
                                <TermList>
                                    <LoanSum>49260.52</LoanSum>
                                    <LoanTerm>21</LoanTerm>
                                    <LoanRate>16.4</LoanRate>
                                    <LoanLimit>894000</LoanLimit>
                                </TermList>
                                <TermList>
                                    <LoanSum>49306.9</LoanSum>
                                    <LoanTerm>22</LoanTerm>
                                    <LoanRate>16.45</LoanRate>
                                    <LoanLimit>931000</LoanLimit>
                                </TermList>
                                <TermList>
                                    <LoanSum>49276.44</LoanSum>
                                    <LoanTerm>23</LoanTerm>
                                    <LoanRate>16.5</LoanRate>
                                    <LoanLimit>966000</LoanLimit>
                                </TermList>
                                <TermList>
                                    <LoanSum>49275.54</LoanSum>
                                    <LoanTerm>24</LoanTerm>
                                    <LoanRate>16.55</LoanRate>
                                    <LoanLimit>1001000</LoanLimit>
                                </TermList>
                                <TermList>
                                    <LoanSum>49271.62</LoanSum>
                                    <LoanTerm>25</LoanTerm>
                                    <LoanRate>17.6</LoanRate>
                                    <LoanLimit>1025000</LoanLimit>
                                </TermList>
                                <TermList>
                                    <LoanSum>49283.56</LoanSum>
                                    <LoanTerm>26</LoanTerm>
                                    <LoanRate>17.6</LoanRate>
                                    <LoanLimit>1059000</LoanLimit>
                                </TermList>
                                <TermList>
                                    <LoanSum>49298.21</LoanSum>
                                    <LoanTerm>27</LoanTerm>
                                    <LoanRate>17.65</LoanRate>
                                    <LoanLimit>1092000</LoanLimit>
                                </TermList>
                                <TermList>
                                    <LoanSum>49308.95</LoanSum>
                                    <LoanTerm>28</LoanTerm>
                                    <LoanRate>17.65</LoanRate>
                                    <LoanLimit>1125000</LoanLimit>
                                </TermList>
                                <TermList>
                                    <LoanSum>49282.39</LoanSum>
                                    <LoanTerm>29</LoanTerm>
                                    <LoanRate>17.7</LoanRate>
                                    <LoanLimit>1156000</LoanLimit>
                                </TermList>
                                <TermList>
                                    <LoanSum>49292.23</LoanSum>
                                    <LoanTerm>30</LoanTerm>
                                    <LoanRate>17.7</LoanRate>
                                    <LoanLimit>1188000</LoanLimit>
                                </TermList>
                                <TermList>
                                    <LoanSum>49309.82</LoanSum>
                                    <LoanTerm>31</LoanTerm>
                                    <LoanRate>17.75</LoanRate>
                                    <LoanLimit>1219000</LoanLimit>
                                </TermList>
                                <TermList>
                                    <LoanSum>49277.35</LoanSum>
                                    <LoanTerm>32</LoanTerm>
                                    <LoanRate>17.75</LoanRate>
                                    <LoanLimit>1249000</LoanLimit>
                                </TermList>
                                <TermList>
                                    <LoanSum>49302.25</LoanSum>
                                    <LoanTerm>33</LoanTerm>
                                    <LoanRate>17.75</LoanRate>
                                    <LoanLimit>1280000</LoanLimit>
                                </TermList>
                                <TermList>
                                    <LoanSum>49305.02</LoanSum>
                                    <LoanTerm>34</LoanTerm>
                                    <LoanRate>17.75</LoanRate>
                                    <LoanLimit>1310000</LoanLimit>
                                </TermList>
                                <TermList>
                                    <LoanSum>49283.51</LoanSum>
                                    <LoanTerm>35</LoanTerm>
                                    <LoanRate>17.8</LoanRate>
                                    <LoanLimit>1338000</LoanLimit>
                                </TermList>
                                <TermList>
                                    <LoanSum>49283.28</LoanSum>
                                    <LoanTerm>36</LoanTerm>
                                    <LoanRate>17.8</LoanRate>
                                    <LoanLimit>1367000</LoanLimit>
                                </TermList>
                                <TermList>
                                    <LoanSum>49298.04</LoanSum>
                                    <LoanTerm>37</LoanTerm>
                                    <LoanRate>17.8</LoanRate>
                                    <LoanLimit>1396000</LoanLimit>
                                </TermList>
                                <TermList>
                                    <LoanSum>49292.06</LoanSum>
                                    <LoanTerm>38</LoanTerm>
                                    <LoanRate>17.8</LoanRate>
                                    <LoanLimit>1424000</LoanLimit>
                                </TermList>
                                <TermList>
                                    <LoanSum>49303.04</LoanSum>
                                    <LoanTerm>39</LoanTerm>
                                    <LoanRate>17.85</LoanRate>
                                    <LoanLimit>1451000</LoanLimit>
                                </TermList>
                                <TermList>
                                    <LoanSum>49292.6</LoanSum>
                                    <LoanTerm>40</LoanTerm>
                                    <LoanRate>17.85</LoanRate>
                                    <LoanLimit>1478000</LoanLimit>
                                </TermList>
                                <TermList>
                                    <LoanSum>49295.64</LoanSum>
                                    <LoanTerm>41</LoanTerm>
                                    <LoanRate>17.85</LoanRate>
                                    <LoanLimit>1505000</LoanLimit>
                                </TermList>
                                <TermList>
                                    <LoanSum>49311.27</LoanSum>
                                    <LoanTerm>42</LoanTerm>
                                    <LoanRate>17.85</LoanRate>
                                    <LoanLimit>1532000</LoanLimit>
                                </TermList>
                                <TermList>
                                    <LoanSum>49283.66</LoanSum>
                                    <LoanTerm>43</LoanTerm>
                                    <LoanRate>17.9</LoanRate>
                                    <LoanLimit>1556000</LoanLimit>
                                </TermList>
                                <TermList>
                                    <LoanSum>49293.31</LoanSum>
                                    <LoanTerm>44</LoanTerm>
                                    <LoanRate>17.9</LoanRate>
                                    <LoanLimit>1582000</LoanLimit>
                                </TermList>
                                <TermList>
                                    <LoanSum>49283.58</LoanSum>
                                    <LoanTerm>45</LoanTerm>
                                    <LoanRate>17.9</LoanRate>
                                    <LoanLimit>1607000</LoanLimit>
                                </TermList>
                                <TermList>
                                    <LoanSum>49297.47</LoanSum>
                                    <LoanTerm>46</LoanTerm>
                                    <LoanRate>17.95</LoanRate>
                                    <LoanLimit>1631000</LoanLimit>
                                </TermList>
                                <TermList>
                                    <LoanSum>49311.36</LoanSum>
                                    <LoanTerm>47</LoanTerm>
                                    <LoanRate>17.95</LoanRate>
                                    <LoanLimit>1656000</LoanLimit>
                                </TermList>
                                <TermList>
                                    <LoanSum>49306.12</LoanSum>
                                    <LoanTerm>48</LoanTerm>
                                    <LoanRate>17.95</LoanRate>
                                    <LoanLimit>1680000</LoanLimit>
                                </TermList>
                                <TermList>
                                    <LoanSum>49311.33</LoanSum>
                                    <LoanTerm>49</LoanTerm>
                                    <LoanRate>17.95</LoanRate>
                                    <LoanLimit>1704000</LoanLimit>
                                </TermList>
                                <TermList>
                                    <LoanSum>49297.88</LoanSum>
                                    <LoanTerm>50</LoanTerm>
                                    <LoanRate>17.95</LoanRate>
                                    <LoanLimit>1727000</LoanLimit>
                                </TermList>
                                <TermList>
                                    <LoanSum>49312.51</LoanSum>
                                    <LoanTerm>51</LoanTerm>
                                    <LoanRate>18</LoanRate>
                                    <LoanLimit>1749000</LoanLimit>
                                </TermList>
                                <TermList>
                                    <LoanSum>49292.01</LoanSum>
                                    <LoanTerm>52</LoanTerm>
                                    <LoanRate>18</LoanRate>
                                    <LoanLimit>1771000</LoanLimit>
                                </TermList>
                                <TermList>
                                    <LoanSum>49308.75</LoanSum>
                                    <LoanTerm>53</LoanTerm>
                                    <LoanRate>18</LoanRate>
                                    <LoanLimit>1794000</LoanLimit>
                                </TermList>
                                <TermList>
                                    <LoanSum>49306.91</LoanSum>
                                    <LoanTerm>54</LoanTerm>
                                    <LoanRate>18</LoanRate>
                                    <LoanLimit>1816000</LoanLimit>
                                </TermList>
                                <TermList>
                                    <LoanSum>49287.03</LoanSum>
                                    <LoanTerm>55</LoanTerm>
                                    <LoanRate>18</LoanRate>
                                    <LoanLimit>1837000</LoanLimit>
                                </TermList>
                                <TermList>
                                    <LoanSum>49302.66</LoanSum>
                                    <LoanTerm>56</LoanTerm>
                                    <LoanRate>18</LoanRate>
                                    <LoanLimit>1859000</LoanLimit>
                                </TermList>
                                <TermList>
                                    <LoanSum>49300</LoanSum>
                                    <LoanTerm>57</LoanTerm>
                                    <LoanRate>18</LoanRate>
                                    <LoanLimit>1880000</LoanLimit>
                                </TermList>
                                <TermList>
                                    <LoanSum>49305.5</LoanSum>
                                    <LoanTerm>58</LoanTerm>
                                    <LoanRate>18</LoanRate>
                                    <LoanLimit>1901000</LoanLimit>
                                </TermList>
                                <TermList>
                                    <LoanSum>49293.1</LoanSum>
                                    <LoanTerm>59</LoanTerm>
                                </TermList>
                                <TermList>
                                    <LoanSum>49288.64</LoanSum>
                                    <LoanTerm>60</LoanTerm>
                                    <LoanRate>18</LoanRate>
                                    <LoanLimit>1941000</LoanLimit>
                                </TermList>
                            </RangeList>
                        </SubProductList>
                    </ProductList>
                    <ProductList>
                        <ProductType>3</ProductType>
                        <SubProductList>
                            <ProductInfo>
                                <ProductType>3</ProductType>
                                <ProductCode>30</ProductCode>
                                <SubproductCode>7771345</SubproductCode>
                            </ProductInfo>
                            <Decision>Decline</Decision>
                            <ReasonCodeTable>B009</ReasonCodeTable>
                            <WhiteFlag>0</WhiteFlag>
                            <RangeList>
                                <TermList>
                                    <LoanSum>0</LoanSum>
                                    <LoanTerm>36</LoanTerm>
                                    <LoanRate>27.9</LoanRate>
                                    <LoanLimit>0</LoanLimit>
                                </TermList>
                            </RangeList>
                        </SubProductList>
                    </ProductList>
                </AvailablePart>
                <ReservedPart>
                    <ReservedTotalSum>14357.78</ReservedTotalSum>
                    <ApplicationList>
                        <ApplicationNumber>551442990</ApplicationNumber>
                        <ProductInfo>
                            <ProductType>1</ProductType>
                            <ProductCode>10</ProductCode>
                            <SubproductCode>1471</SubproductCode>
                        </ProductInfo>
                        <LiabilityType>2</LiabilityType>
                        <DateStart>2018-01-03Z</DateStart>
                        <InterestRate>18.9</InterestRate>
                        <Currency>RUB</Currency>
                        <AmountInitialRur>353480</AmountInitialRur>
                        <MonthPayRur>0</MonthPayRur>
                    </ApplicationList>
                    <ApplicationList>
                        <ApplicationNumber>551441760</ApplicationNumber>
                        <ProductInfo>
                            <ProductType>1</ProductType>
                            <ProductCode>10</ProductCode>
                            <SubproductCode>1471</SubproductCode>
                        </ProductInfo>
                        <LiabilityType>2</LiabilityType>
                        <DateStart>2018-01-02Z</DateStart>
                        <InterestRate>18.9</InterestRate>
                        <Currency>RUB</Currency>
                        <AmountInitialRur>353480</AmountInitialRur>
                        <MonthPayRur>0</MonthPayRur>
                    </ApplicationList>
                    <ApplicationList>
                        <ApplicationNumber>551443670</ApplicationNumber>
                        <ProductInfo>
                            <ProductType>1</ProductType>
                            <ProductCode>10</ProductCode>
                            <SubproductCode>2000</SubproductCode>
                        </ProductInfo>
                        <LiabilityType>2</LiabilityType>
                        <DateStart>2018-01-04Z</DateStart>
                        <InterestRate>14</InterestRate>
                        <Currency>RUB</Currency>
                        <AmountInitialRur>78805.25</AmountInitialRur>
                        <MonthPayRur>0</MonthPayRur>
                    </ApplicationList>
                    <ApplicationList>
                        <ApplicationNumber>551443540</ApplicationNumber>
                        <ProductInfo>
                            <ProductType>1</ProductType>
                            <ProductCode>10</ProductCode>
                            <SubproductCode>111010</SubproductCode>
                        </ProductInfo>
                        <LiabilityType>2</LiabilityType>
                        <DateStart>2018-01-04Z</DateStart>
                        <InterestRate>15</InterestRate>
                        <Currency>RUB</Currency>
                        <AmountInitialRur>150000</AmountInitialRur>
                        <MonthPayRur>0</MonthPayRur>
                    </ApplicationList>
                </ReservedPart>
                <UsedPart>
                    <UsedTotalSum>0</UsedTotalSum>
                </UsedPart>
                <EntityId>6fca1aac45ec4151ab04a49c3da83d33</EntityId>
                <ActualCalcFlag>true</ActualCalcFlag>
                <ChannelSales>9</ChannelSales>
                <BusinessSourceSystem>UFS</BusinessSourceSystem>
            </CreditPotentialData>
        </ParticipantResult>
    </ParticipantResults>
</GetClientRiskMetricsRs>